<?xml version="1.0"?>
<!DOCTYPE hibernate-mapping PUBLIC
        "-//Hibernate/Hibernate Mapping DTD//EN"
        "http://hibernate.sourceforge.net/hibernate-mapping-2.0.dtd">

<hibernate-mapping>

    <class name="com.spaceprogram.accounting.common.Recurrence" table="Recurrence">
        <id name="id">
            <generator class="native"/>
        </id>
        <property name="realm"/>
        <property name="itemKey"/>
        <property name="type"/>

       <property name="x"/>
        <property name="y"/>
        <property name="z"/>

         <property name="startDate"/>
         <property name="endDate"/>

         <property name="countdown"/>
       

	</class>
</hibernate-mapping>