<?xml version="1.0"?>
<!DOCTYPE hibernate-mapping PUBLIC
        "-//Hibernate/Hibernate Mapping DTD//EN"
        "http://hibernate.sourceforge.net/hibernate-mapping-2.0.dtd">

<hibernate-mapping>

    <class name="com.spaceprogram.accounting.basic.Account" table="ACCTAccount">
        <id name="id">
            <generator class="native"/>
        </id>
        <property name="companyKey"/>
        <property name="created"/>
        <property name="name"/>
        <property name="balance"/>
        <property name="description"/>
        <property name="parentKey"/>
        <property name="typeKey"/>
        <property name="internalId"/>
        <property name="currency"/>


    </class>


</hibernate-mapping>
