<?xml version="1.0"?>
<!DOCTYPE hibernate-mapping PUBLIC
        "-//Hibernate/Hibernate Mapping DTD//EN"
        "http://hibernate.sourceforge.net/hibernate-mapping-2.0.dtd">

<hibernate-mapping>

    <class name="com.spaceprogram.accounting.basic.ChargeLine" table="ACCTChargeLine">
        <id name="id">
            <generator class="native"/>
        </id>
        <!--property name="chargeKey"/-->
         <property name="quantity"/>
         <property name="rate"/>

          <many-to-one name="product" column="productKey" cascade="none" />

        <property name="taxable" />

        <many-to-one
                name="transaction"
                class="com.spaceprogram.accounting.basic.Transaction"
                cascade="all"
                column="transactionKey" 

                />



	</class>
</hibernate-mapping>