<?xml version="1.0"?>
<!DOCTYPE hibernate-mapping PUBLIC
	"-//Hibernate/Hibernate Mapping DTD//EN"
	"http://hibernate.sourceforge.net/hibernate-mapping-2.0.dtd">
<hibernate-mapping>
	<!-- com.spaceprogram.accounting.basic.PaymentDistribution root -->
	<class name="com.spaceprogram.accounting.basic.PaymentDistribution" table="ACCTPaymentDistribution">
		<id name="id" unsaved-value="null" >
			 <generator class="native">
				<!--param name="property">transaction</param-->
			</generator>
		</id>
        <!-- ok, handling this a new way, i'll call an init function to match up these lines with  their appropriate transactions in the journal entry -->
        <!--one-to-one name="transaction"
                        class="com.spaceprogram.accounting.basic.Transaction"
                        cascade="all"
                        constrained="true"
                      /--><!-- don't want to cascade all here, becuase the delete of Transactions will happen when deleting journalEntry-->
        <property name="transactionKey"/>

		<property name="paymentKey"/>
       <property name="invoiceKey"/>
        <property name="companyKey"/>

	</class>
</hibernate-mapping>