<?xml version="1.0"?>
<!DOCTYPE hibernate-mapping PUBLIC
        "-//Hibernate/Hibernate Mapping DTD//EN"
        "http://hibernate.sourceforge.net/hibernate-mapping-2.0.dtd">

<hibernate-mapping>

    <class name="com.spaceprogram.accounting.basic.Tax" table="ACCTTax">
        <id name="id" unsaved-value="null" >
            <generator class="native"/>
        </id>
        <property name="companyKey"/>
         <property name="name"/>
         <property name="percent"/>

        <property name="payableAccountKey" />

         <property name="receivableAccountKey" />

        <property name="invoiceKey" />


	</class>
</hibernate-mapping>